<?xml version="1.0" encoding="UTF-8"?>
<project-private xmlns="http://www.netbeans.org/ns/project-private/1">
    <editor-bookmarks xmlns="http://www.netbeans.org/ns/editor-bookmarks/2" lastBookmarkId="0"/>
    <open-files xmlns="http://www.netbeans.org/ns/projectui-open-files/2">
        <group>
            <file>file:/home/kire/NetBeansProjects/DueloFarmSlash/src/duelofarmslash/AtorJogador.java</file>
            <file>file:/home/kire/NetBeansProjects/DueloFarmSlash/src/Rede/AtorNetGames.java</file>
            <file>file:/home/kire/NetBeansProjects/DueloFarmSlash/src/duelofarmslash/Partida.java</file>
            <file>file:/home/kire/NetBeansProjects/DueloFarmSlash/src/duelofarmslash/TelaPrincipal.java</file>
            <file>file:/home/kire/NetBeansProjects/DueloFarmSlash/src/duelofarmslash/JavaApplication1.java</file>
            <file>file:/home/kire/NetBeansProjects/DueloFarmSlash/src/duelofarmslash/Jogador.java</file>
        </group>
    </open-files>
</project-private>
